<?xml version="1.0" encoding="UTF-8"?>
<!DOCTYPE mapper PUBLIC "-//mybatis.org//DTD Mapper 3.0//EN" "http://mybatis.org/dtd/mybatis-3-mapper.dtd">

<mapper namespace="cn.itlz.demo.mybatis.dao.UserMapper">

    <resultMap id="oneToMany" type="cn.itlz.demo.mybatis.dto.UserDto">
        <id column="id" property="id"/>
        <result column="username" property="username"/>
        <result column="age" property="age"/>

        <collection property="courseEntityList" ofType="cn.itlz.demo.mybatis.entity.CourseEntity">
            <id column="course_id" property="id"/>
            <result column="name" property="name"/>
        </collection>
    </resultMap>

    <select id="getUser" resultMap="oneToMany">
        select u.id, u.name username, u.age, c.id course_id, c.name
        from user u
                 left join course c on u.id = c.user_id
        where u.id = 1
    </select>

    <select id="getUserList" resultMap="oneToMany">
        select u.id, u.name username, u.age, c.id course_id, c.name
        from user u
                 left join course c on u.id = c.user_id
    </select>


</mapper>